SET NAMES utf8mb4;
SET FOREIGN_KEY_CHECKS = 0;

DELETE FROM notification_message;
DELETE FROM operation_log;
DELETE FROM dispatch_record;
DELETE FROM dispatch_feedback_snapshot;
DELETE FROM dispatch_weight_config;
DELETE FROM llm_parse_review_queue;
DELETE FROM llm_parse_audit_log;
DELETE FROM repair_ticket;
DELETE FROM maintenance_worker;
DELETE FROM sys_user;
DELETE FROM fault_category;

-- fault_category
INSERT INTO `fault_category` (`id`, `category_code`, `category_name`, `description`, `created_at`) VALUES (1,'WATER_ELECTRIC','水电故障','漏水、跳闸、没电等问题','2026-04-02 20:40:15'),(2,'NETWORK','网络故障','断网、掉线、网速慢等问题','2026-04-02 20:40:15'),(3,'FURNITURE','家具故障','桌椅柜体等家具损坏','2026-04-02 20:40:15'),(4,'AIR_CONDITIONER','空调故障','不制冷、不制热、漏水等空调问题','2026-04-02 20:40:15'),(5,'DOOR_WINDOW','门窗故障','门锁、门把手、窗户损坏等','2026-04-02 20:40:15'),(6,'LIGHTING','照明故障','灯管损坏、照明异常等','2026-04-02 20:40:15'),(7,'OTHER','其他故障','无法归类的其他报修问题','2026-04-02 20:40:15');

-- sys_user
INSERT INTO `sys_user` (`id`, `username`, `password_hash`, `real_name`, `phone`, `role`, `status`, `created_at`, `updated_at`) VALUES (1,'admin001','{noop}123456','系统管理员','13900000001','ADMIN',1,'2026-04-02 20:40:15','2026-04-07 23:00:06'),(2,'worker001','{noop}123456','张师傅','13900000002','WORKER',1,'2026-04-02 20:40:15','2026-04-07 23:00:06'),(3,'worker002','{noop}123456','李师傅','13900000003','WORKER',1,'2026-04-02 20:40:15','2026-04-07 23:00:06'),(4,'reporter001','{noop}123456','王同学','13900000004','REPORTER',1,'2026-04-02 20:40:15','2026-04-07 23:00:06'),(104,'worker003','{noop}123456','杨师傅','13900000005','WORKER',1,'2026-04-07 23:17:10','2026-04-07 23:17:10'),(105,'worker004','{noop}123456','周师傅','13900000006','WORKER',1,'2026-04-07 23:17:10','2026-04-07 23:17:10'),(106,'reporter002','{noop}123456','李同学','13900000007','REPORTER',1,'2026-04-07 23:17:10','2026-04-07 23:17:10'),(107,'reporter003','{noop}123456','赵同学','13900000008','REPORTER',1,'2026-04-07 23:17:10','2026-04-07 23:17:10'),(108,'reporter004','{noop}123456','陈同学','13900000009','REPORTER',1,'2026-04-07 23:17:10','2026-04-07 23:17:10'),(109,'worker005','{noop}123456','何师傅','13900000010','WORKER',1,'2026-04-07 23:23:03','2026-04-07 23:23:03'),(110,'reporter005','{noop}123456','刘同学','13900000011','REPORTER',1,'2026-04-07 23:23:03','2026-04-07 23:28:54'),(111,'reporter006','{noop}123456','许同学','13900000012','REPORTER',1,'2026-04-07 23:23:03','2026-04-07 23:28:54');

-- maintenance_worker
INSERT INTO `maintenance_worker` (`id`, `user_id`, `skill_tags`, `service_area`, `current_load`, `is_available`, `created_at`, `updated_at`) VALUES (1,2,'AIR_CONDITIONER,LIGHTING','图书馆片区,教学楼片区',2,1,'2026-04-02 20:40:15','2026-04-07 23:00:06'),(2,3,'NETWORK,WATER_ELECTRIC','宿舍片区,教学楼片区',1,1,'2026-04-02 20:40:15','2026-04-07 23:00:06'),(57,104,'DOOR_WINDOW,FURNITURE','梓苑片区,宿舍片区,体育馆片区',3,1,'2026-04-07 23:17:10','2026-04-07 23:17:10'),(58,105,'LIGHTING,WATER_ELECTRIC,OTHER','图书馆片区,学生会堂片区,南门片区',3,1,'2026-04-07 23:17:10','2026-04-07 23:17:10'),(59,109,'NETWORK,FURNITURE,OTHER','软件学院片区,力行楼片区,图书馆片区',2,1,'2026-04-07 23:23:03','2026-04-07 23:23:03');

-- repair_ticket
INSERT INTO `repair_ticket` (`id`, `ticket_no`, `reporter_id`, `raw_text`, `location_text`, `device_type`, `fault_desc`, `urgency_level`, `contact_masked`, `time_preference`, `category_id`, `status`, `current_worker_id`, `submitted_at`, `completed_at`, `closed_at`, `created_at`, `updated_at`) VALUES (28,'GD202604070001',4,'楠苑6栋A座302宿舍空调只吹风不制冷，晚上很闷热。','云南大学呈贡校区楠苑6栋A座302','空调','空调不制冷，压缩机疑似异常','HIGH','139****1001','今晚20点后',4,'已评价',1,'2026-04-01 23:17:59','2026-04-03 05:17:59',NULL,'2026-04-01 23:17:59','2026-04-05 23:34:07'),(29,'GD202604070002',106,'文汇楼1栋302教室投影旁插座没电，影响上课。','云南大学呈贡校区文汇楼1栋302教室','插座','教室墙面插座断电','HIGH','139****1002','工作日白天',1,'已关闭',2,'2026-04-02 23:17:59','2026-04-04 02:17:59','2026-04-06 23:34:07','2026-04-02 23:17:59','2026-04-06 23:34:07'),(30,'GD202604070003',107,'图书馆东区四楼靠窗区域灯带闪烁，晚上自习很影响。','云南大学呈贡校区图书馆东区四楼','照明','照明灯带接触不良，频繁闪烁','MEDIUM','139****1003','18点后',6,'已完成',58,'2026-04-03 23:17:59','2026-04-05 01:17:59',NULL,'2026-04-03 23:17:59','2026-04-05 01:17:59'),(31,'GD202604070004',108,'梓苑2栋一楼洗漱间水龙头一直滴水，地面已经积水。','云南大学呈贡校区梓苑2栋一楼洗漱间','水龙头','洗漱间水龙头漏水','MEDIUM','139****1004','下午',1,'已完成',2,'2026-04-04 23:17:59','2026-04-06 09:17:59',NULL,'2026-04-04 23:17:59','2026-04-06 09:17:59'),(32,'GD202604070005',4,'学生会堂西门门锁卡住，晚间活动结束后无法正常反锁。','云南大学呈贡校区学生会堂西门','门锁','门锁卡滞，需要更换锁芯','MEDIUM','139****1005','20点后',5,'已完成',57,'2026-04-05 23:17:59','2026-04-07 04:17:59',NULL,'2026-04-05 23:17:59','2026-04-07 04:17:59'),(33,'GD202604070006',106,'泽湖边南门路灯两盏不亮，晚上回宿舍有点黑。','云南大学呈贡校区泽湖边南门步道','路灯','路灯两盏熄灭，疑似灯泡损坏','LOW','139****1006','白天即可',6,'已派单',58,'2026-04-07 03:17:59',NULL,NULL,'2026-04-07 03:17:59','2026-04-07 04:17:59'),(34,'GD202604070007',107,'力行楼B区三层实验室网络经常断，交换机红灯闪烁。','云南大学呈贡校区力行楼B区三层实验室','网络设备','实验室网络掉线，交换机状态异常','HIGH','139****1007','尽快',2,'处理中',2,'2026-04-07 08:17:59',NULL,NULL,'2026-04-07 08:17:59','2026-04-07 11:17:59'),(35,'GD202604070008',108,'图书馆南侧一楼阅览区桌椅松动，坐上去晃得厉害。','云南大学呈贡校区图书馆南侧一楼阅览区','桌椅','阅览桌椅连接件松动','LOW','139****1008','本周内',3,'已解析',NULL,'2026-04-07 15:17:59',NULL,NULL,'2026-04-07 15:17:59','2026-04-07 16:17:59'),(36,'GD202604070009',4,'楸苑快递站旁公共卫生间顶灯不亮，还有轻微焦味。','云南大学呈贡校区楸苑快递站旁公共卫生间','顶灯','顶灯损坏并伴有焦味','HIGH','139****1009','立即处理',6,'已完成',58,'2026-04-06 17:17:59','2026-04-07 21:17:59',NULL,'2026-04-06 17:17:59','2026-04-07 21:17:59'),(37,'GD202604070010',106,'梓苑3栋408宿舍窗户合页松了，关窗时会掉下来。','云南大学呈贡校区梓苑3栋408宿舍','窗户','宿舍窗户合页松动','MEDIUM','139****1010','今天下午',5,'已完成',57,'2026-04-06 21:17:59','2026-04-07 19:17:59',NULL,'2026-04-06 21:17:59','2026-04-07 19:17:59'),(38,'GD202604070011',110,'软件学院机房B202门口网络面板损坏，插网线后一直掉线。','云南大学呈贡校区软件学院机房B202门口','网络面板','网络面板损坏导致掉线','MEDIUM','139****1011','工作日白天',2,'已完成',59,'2026-03-31 23:23:03','2026-04-02 07:23:03',NULL,'2026-03-31 23:23:03','2026-04-02 07:23:03'),(39,'GD202604070012',111,'泽湖东岸木栈道边垃圾桶旁照明灯不亮，夜跑时看不清。','云南大学呈贡校区泽湖东岸木栈道','照明灯','步道照明灯损坏','LOW','139****1012','白天即可',6,'已完成',58,'2026-04-01 23:23:03','2026-04-03 11:23:03',NULL,'2026-04-01 23:23:03','2026-04-03 11:23:03'),(40,'GD202604070013',107,'楠苑8栋电梯前公共饮水机漏水，地面很滑。','云南大学呈贡校区楠苑8栋电梯前','饮水机','饮水机进水管漏水','HIGH','139****1013','尽快',1,'已完成',2,'2026-04-02 23:23:03','2026-04-04 04:23:03',NULL,'2026-04-02 23:23:03','2026-04-04 04:23:03'),(41,'GD202604070014',108,'格物楼A区208实验台抽屉滑轨脱落，影响做实验。','云南大学呈贡校区格物楼A区208实验室','实验台抽屉','实验台抽屉滑轨脱落','MEDIUM','139****1014','本周内',3,'已完成',57,'2026-04-03 23:23:03','2026-04-05 08:23:03',NULL,'2026-04-03 23:23:03','2026-04-05 08:23:03'),(42,'GD202604070015',110,'学生公寓楸苑4栋一层消防通道门闭门器坏了，门关不上。','云南大学呈贡校区楸苑4栋一层消防通道','闭门器','消防通道门闭门器故障','HIGH','139****1015','今天晚上',5,'已派单',57,'2026-04-07 07:23:03',NULL,NULL,'2026-04-07 07:23:03','2026-04-07 08:23:03'),(43,'GD202604070016',111,'明远楼报告厅后排空调出风口滴水，座椅都湿了。','云南大学呈贡校区明远楼报告厅后排','空调出风口','空调出风口滴水','HIGH','139****1016','尽快',4,'处理中',1,'2026-04-07 11:23:03',NULL,NULL,'2026-04-07 11:23:03','2026-04-07 14:23:03'),(44,'GD202604070017',106,'图书馆西区二楼讨论间网口无法识别，电脑一直显示未连接。','云南大学呈贡校区图书馆西区二楼讨论间','网口','讨论间网口损坏','MEDIUM','139****1017','明天上午',2,'已解析',NULL,'2026-04-07 17:23:03',NULL,NULL,'2026-04-07 17:23:03','2026-04-07 18:23:03'),(45,'GD202604070018',110,'呈贡校区南门保卫室外墙插座外壳破裂，存在安全隐患。','云南大学呈贡校区南门保卫室外墙','墙面插座','外墙插座外壳破裂','HIGH','139****1018','立即处理',1,'待受理',NULL,'2026-04-07 21:23:03',NULL,NULL,'2026-04-07 21:23:03','2026-04-07 21:23:03'),(46,'GD202604080101',107,'楠苑1栋201宿舍卫生间顶灯忽明忽暗，晚上洗漱不方便。','云南大学呈贡校区楠苑1栋201宿舍','顶灯','宿舍卫生间顶灯接触不良','MEDIUM','139****1101','今晚19点后',6,'已完成',58,'2026-03-29 23:28:54','2026-03-31 05:28:54',NULL,'2026-03-29 23:28:54','2026-03-31 05:28:54'),(47,'GD202604080102',108,'梓苑5栋一楼开水房地漏返水，地面积水严重。','云南大学呈贡校区梓苑5栋一楼开水房','地漏','地漏返水并伴有异味','HIGH','139****1102','尽快',1,'已完成',2,'2026-03-29 23:28:54','2026-03-31 09:28:54',NULL,'2026-03-29 23:28:54','2026-03-31 09:28:54'),(48,'GD202604080103',110,'文渊楼A区405教室讲台下方网口松动，电脑上课连不上校园网。','云南大学呈贡校区文渊楼A区405教室','网口','讲台下方网口松动','HIGH','139****1103','工作日白天',2,'已评价',59,'2026-03-30 23:28:54','2026-04-01 03:28:54',NULL,'2026-03-30 23:28:54','2026-04-05 23:34:07'),(49,'GD202604080104',111,'图书馆西区三楼靠窗自习区吊灯有一半不亮。','云南大学呈贡校区图书馆西区三楼自习区','吊灯','吊灯部分灯珠损坏','LOW','139****1104','白天即可',6,'已完成',58,'2026-03-30 23:28:54','2026-04-01 08:28:54',NULL,'2026-03-30 23:28:54','2026-04-01 08:28:54'),(50,'GD202604080105',4,'泽湖北岸观景平台木椅螺丝松动，坐上去会晃。','云南大学呈贡校区泽湖北岸观景平台','木椅','木椅固定螺丝松动','LOW','139****1105','本周内',3,'已完成',57,'2026-03-30 23:28:54','2026-04-02 11:28:54',NULL,'2026-03-30 23:28:54','2026-04-02 11:28:54'),(51,'GD202604080106',106,'力行楼A区107实验室洗手池下方阀门漏水。','云南大学呈贡校区力行楼A区107实验室','阀门','洗手池角阀漏水','MEDIUM','139****1106','下午',1,'已完成',2,'2026-03-31 23:28:54','2026-04-02 04:28:54',NULL,'2026-03-31 23:28:54','2026-04-02 04:28:54'),(52,'GD202604080107',107,'软件学院一楼大厅宣传屏后方插座烧黑，有焦味。','云南大学呈贡校区软件学院一楼大厅','插座','宣传屏后方插座疑似短路','HIGH','139****1107','立即处理',1,'已完成',58,'2026-03-31 23:28:54','2026-04-02 01:28:54',NULL,'2026-03-31 23:28:54','2026-04-02 01:28:54'),(53,'GD202604080108',108,'楸苑7栋402宿舍空调遥控接收异常，开关机失灵。','云南大学呈贡校区楸苑7栋402宿舍','空调','空调接收面板异常','MEDIUM','139****1108','晚上20点后',4,'已完成',1,'2026-03-31 23:28:54','2026-04-03 06:28:54',NULL,'2026-03-31 23:28:54','2026-04-03 06:28:54'),(54,'GD202604080109',110,'明远楼连廊西侧应急照明标志灯不亮。','云南大学呈贡校区明远楼连廊西侧','应急照明','应急标志灯损坏','HIGH','139****1109','今天内',6,'已评价',58,'2026-04-01 23:28:54','2026-04-03 02:28:54',NULL,'2026-04-01 23:28:54','2026-04-05 23:34:07'),(55,'GD202604080110',111,'格物楼B区216实验室窗户锁扣断裂，无法上锁。','云南大学呈贡校区格物楼B区216实验室','窗户锁扣','实验室窗户锁扣断裂','HIGH','139****1110','工作日白天',5,'已完成',57,'2026-04-01 23:28:54','2026-04-03 10:28:54',NULL,'2026-04-01 23:28:54','2026-04-03 10:28:54'),(56,'GD202604080111',4,'图书馆东区一楼服务台后方打印机旁网线槽脱落。','云南大学呈贡校区图书馆东区一楼服务台','网线槽','网线槽盖板脱落','LOW','139****1111','本周内',7,'已完成',59,'2026-04-01 23:28:54','2026-04-04 07:28:54',NULL,'2026-04-01 23:28:54','2026-04-04 07:28:54'),(57,'GD202604080112',106,'楠苑3栋电梯口天花板滴水，疑似上层管道渗漏。','云南大学呈贡校区楠苑3栋电梯口','天花板渗漏','管道渗漏导致天花板滴水','HIGH','139****1112','尽快',1,'已关闭',2,'2026-04-02 23:28:54','2026-04-04 12:28:54','2026-04-06 23:34:07','2026-04-02 23:28:54','2026-04-06 23:34:07'),(58,'GD202604080113',107,'学生会堂后台化妆间照明开关失灵，活动前急需处理。','云南大学呈贡校区学生会堂后台化妆间','照明开关','照明开关按下无反应','HIGH','139****1113','今晚18点前',6,'已完成',58,'2026-04-02 23:28:54','2026-04-04 05:28:54',NULL,'2026-04-02 23:28:54','2026-04-04 05:28:54'),(59,'GD202604080114',108,'梓苑1栋306宿舍书桌抽屉导轨掉落，无法正常使用。','云南大学呈贡校区梓苑1栋306宿舍','书桌抽屉','抽屉导轨脱落','LOW','139****1114','周末均可',3,'已完成',57,'2026-04-02 23:28:54','2026-04-05 13:28:54',NULL,'2026-04-02 23:28:54','2026-04-05 13:28:54'),(60,'GD202604080115',110,'南门公交站旁路面井盖周围照明忽亮忽灭。','云南大学呈贡校区南门公交站旁','路面照明','照明线路接触不稳','MEDIUM','139****1115','白天检修',6,'已完成',58,'2026-04-02 23:28:54','2026-04-05 15:28:54',NULL,'2026-04-02 23:28:54','2026-04-05 15:28:54'),(61,'GD202604080116',111,'体育馆羽毛球场东侧更衣室门把手松脱。','云南大学呈贡校区体育馆东侧更衣室','门把手','更衣室门把手松脱','MEDIUM','139****1116','下午4点后',5,'已派单',57,'2026-04-05 23:28:54',NULL,NULL,'2026-04-05 23:28:54','2026-04-05 23:28:54'),(62,'GD202604080117',4,'图书馆西区二楼讨论间投影幕布旁插座面板裂开。','云南大学呈贡校区图书馆西区二楼讨论间','插座面板','插座面板裂开存在风险','HIGH','139****1117','尽快',1,'已派单',58,'2026-04-05 23:28:54',NULL,NULL,'2026-04-05 23:28:54','2026-04-05 23:28:54'),(63,'GD202604080118',106,'软件学院A栋302机房角落交换机风扇异响。','云南大学呈贡校区软件学院A栋302机房','交换机','交换机风扇异响','MEDIUM','139****1118','工作日',2,'已派单',59,'2026-04-06 23:28:54',NULL,NULL,'2026-04-06 23:28:54','2026-04-06 23:28:54'),(64,'GD202604080119',107,'楠苑2栋一楼值班室空调滴水，滴到门口地垫。','云南大学呈贡校区楠苑2栋一楼值班室','空调','空调冷凝水外溢','MEDIUM','139****1119','今天下午',4,'处理中',1,'2026-04-06 23:28:54',NULL,NULL,'2026-04-06 23:28:54','2026-04-06 23:28:54'),(65,'GD202604080120',108,'文汇楼2栋阶梯教室后排照明带不亮。','云南大学呈贡校区文汇楼2栋阶梯教室','照明带','教室后排照明带不亮','MEDIUM','139****1120','上课前处理',6,'处理中',58,'2026-04-06 23:28:54',NULL,NULL,'2026-04-06 23:28:54','2026-04-06 23:28:54'),(66,'GD202604080121',110,'泽湖环湖步道北段监控杆底部箱门脱落。','云南大学呈贡校区泽湖环湖步道北段','设备箱门','监控杆底部箱门脱落','LOW','139****1121','本周内',7,'处理中',59,'2026-04-06 23:28:54',NULL,NULL,'2026-04-06 23:28:54','2026-04-06 23:28:54'),(67,'GD202604080122',111,'格物楼C区105实验室门锁反锁后打不开。','云南大学呈贡校区格物楼C区105实验室','门锁','实验室门锁卡滞','HIGH','139****1122','立即处理',5,'处理中',57,'2026-04-06 23:28:54',NULL,NULL,'2026-04-06 23:28:54','2026-04-06 23:28:54'),(68,'GD202604080123',4,'楸苑2栋楼梯间感应灯白天也一直亮着。','云南大学呈贡校区楸苑2栋楼梯间','感应灯','感应模块异常','LOW','139****1123','白天即可',6,'已解析',NULL,'2026-04-07 23:28:54',NULL,NULL,'2026-04-07 23:28:54','2026-04-07 23:28:54'),(69,'GD202604080124',106,'呈贡校区东门快递点外侧雨棚排水不畅，下雨时会积水。','云南大学呈贡校区东门快递点外侧','雨棚排水','排水槽堵塞','MEDIUM','139****1124','下雨前处理',1,'已解析',NULL,'2026-04-07 23:28:54',NULL,NULL,'2026-04-07 23:28:54','2026-04-07 23:28:54'),(70,'GD202604080125',107,'图书馆南侧一楼饮水机出水忽大忽小。','云南大学呈贡校区图书馆南侧一楼饮水机区','饮水机','出水不稳定','MEDIUM','139****1125','全天可修',7,'已解析',NULL,'2026-04-07 23:28:54',NULL,NULL,'2026-04-07 23:28:54','2026-04-07 23:28:54'),(71,'GD202604080126',108,'学生公寓梓苑6栋405宿舍衣柜门铰链松动。','云南大学呈贡校区梓苑6栋405宿舍','衣柜门','衣柜门铰链松动','LOW','139****1126','晚上可修',3,'待受理',NULL,'2026-04-07 23:28:54',NULL,NULL,'2026-04-07 23:28:54','2026-04-07 23:28:54'),(72,'GD202604080127',110,'文渊楼B区101教室前门闭门器漏油，关门太快。','云南大学呈贡校区文渊楼B区101教室','闭门器','闭门器漏油失效','MEDIUM','139****1127','工作日白天',5,'待受理',NULL,'2026-04-07 23:28:54',NULL,NULL,'2026-04-07 23:28:54','2026-04-07 23:28:54');

-- dispatch_record
INSERT INTO `dispatch_record` (`id`, `ticket_id`, `worker_id`, `score_skill`, `score_area`, `score_load`, `score_perf`, `score_urgency`, `total_score`, `dispatch_type`, `dispatch_status`, `remark`, `created_at`, `score_version`) VALUES (16,28,1,100.00,100.00,84.00,90.00,100.00,94.80,'AUTO','ASSIGNED','自动派单','2026-04-02 00:19:10',1),(17,29,2,100.00,100.00,68.00,75.00,100.00,88.10,'AUTO','ASSIGNED','自动派单','2026-04-03 00:19:10',1),(18,30,58,100.00,100.00,100.00,90.00,60.00,90.00,'AUTO','ASSIGNED','自动派单','2026-04-03 23:49:10',1),(19,31,2,100.00,70.00,68.00,75.00,60.00,75.10,'AUTO','ASSIGNED','自动派单','2026-04-05 00:19:10',1),(20,32,57,100.00,100.00,84.00,90.00,60.00,86.80,'MANUAL','ASSIGNED','管理员根据活动时间改派','2026-04-06 01:19:10',1),(21,33,58,100.00,100.00,100.00,90.00,40.00,84.00,'AUTO','ASSIGNED','自动派单','2026-04-07 03:34:10',2),(22,34,2,100.00,100.00,68.00,75.00,100.00,88.10,'AUTO','ASSIGNED','拒单后重派','2026-04-07 08:39:10',2),(23,36,58,100.00,100.00,84.00,90.00,100.00,94.80,'AUTO','ASSIGNED','自动派单','2026-04-06 17:29:10',2),(24,37,57,100.00,100.00,84.00,90.00,60.00,86.80,'AUTO','ASSIGNED','自动派单','2026-04-06 21:59:10',2),(31,38,59,100.00,100.00,84.00,90.00,60.00,86.80,'AUTO','ASSIGNED','自动派单','2026-04-01 00:03:38',2),(32,39,58,100.00,100.00,100.00,90.00,40.00,84.00,'AUTO','ASSIGNED','自动派单','2026-04-01 23:58:38',2),(33,40,2,100.00,70.00,68.00,75.00,100.00,81.10,'AUTO','ASSIGNED','自动派单','2026-04-03 00:13:38',2),(34,41,57,100.00,70.00,84.00,90.00,60.00,82.80,'MANUAL','ASSIGNED','管理员结合实验室课程安排改派','2026-04-04 01:23:38',2),(35,42,57,100.00,100.00,84.00,90.00,100.00,94.80,'AUTO','ASSIGNED','自动派单','2026-04-07 07:43:38',2),(36,43,1,100.00,70.00,84.00,90.00,100.00,88.80,'AUTO','ASSIGNED','自动派单','2026-04-07 11:48:38',2),(38,46,58,100.00,100.00,100.00,90.00,60.00,90.00,'AUTO','ASSIGNED','自动派单','2026-03-31 00:28:54',3),(39,47,2,100.00,100.00,68.00,75.00,100.00,88.10,'AUTO','ASSIGNED','自动派单','2026-03-31 01:28:54',3),(40,48,59,100.00,100.00,84.00,90.00,100.00,94.80,'AUTO','ASSIGNED','自动派单','2026-04-01 00:28:54',3),(41,49,58,100.00,100.00,100.00,90.00,40.00,84.00,'AUTO','ASSIGNED','自动派单','2026-04-01 01:28:54',3),(42,50,57,100.00,70.00,84.00,90.00,40.00,76.80,'MANUAL','ASSIGNED','管理员根据现场情况改派','2026-04-02 02:28:54',3),(43,51,2,100.00,100.00,68.00,75.00,60.00,76.10,'AUTO','ASSIGNED','自动派单','2026-04-02 00:28:54',3),(44,52,58,100.00,70.00,100.00,90.00,100.00,90.00,'AUTO','ASSIGNED','自动派单','2026-04-02 00:28:54',3),(45,53,1,100.00,70.00,84.00,90.00,60.00,82.80,'AUTO','ASSIGNED','自动派单','2026-04-03 01:28:54',3),(46,54,58,100.00,100.00,100.00,90.00,100.00,93.00,'AUTO','ASSIGNED','自动派单','2026-04-03 00:28:54',3),(47,55,57,100.00,70.00,84.00,90.00,100.00,88.80,'AUTO','ASSIGNED','自动派单','2026-04-03 01:28:54',3),(48,56,59,100.00,100.00,84.00,90.00,40.00,82.80,'AUTO','ASSIGNED','自动派单','2026-04-04 00:28:54',3),(49,57,2,100.00,100.00,68.00,75.00,100.00,88.10,'AUTO','ASSIGNED','拒单后重派','2026-04-04 01:28:54',3),(50,58,58,100.00,100.00,100.00,90.00,100.00,93.00,'AUTO','ASSIGNED','自动派单','2026-04-04 00:28:54',4),(51,59,57,100.00,100.00,84.00,90.00,40.00,82.80,'AUTO','ASSIGNED','自动派单','2026-04-05 02:28:54',4),(52,60,58,100.00,70.00,100.00,90.00,60.00,80.00,'AUTO','ASSIGNED','自动派单','2026-04-05 00:28:54',4),(53,61,57,100.00,100.00,84.00,90.00,60.00,86.80,'AUTO','ASSIGNED','自动派单','2026-04-05 23:28:54',4),(54,62,58,100.00,100.00,100.00,90.00,100.00,93.00,'AUTO','ASSIGNED','自动派单','2026-04-05 23:28:54',4),(55,63,59,100.00,100.00,84.00,90.00,60.00,86.80,'AUTO','ASSIGNED','自动派单','2026-04-06 23:28:54',4),(56,64,1,100.00,100.00,84.00,90.00,60.00,86.80,'AUTO','ASSIGNED','自动派单','2026-04-06 23:28:54',4),(57,65,58,100.00,100.00,100.00,90.00,60.00,87.00,'AUTO','ASSIGNED','自动派单','2026-04-06 23:28:54',4),(58,66,59,100.00,70.00,84.00,90.00,40.00,74.80,'AUTO','ASSIGNED','自动派单','2026-04-06 23:28:54',4),(59,67,57,100.00,100.00,84.00,90.00,100.00,94.80,'MANUAL','ASSIGNED','管理员紧急插单改派','2026-04-06 23:28:54',4);

-- operation_log
INSERT INTO `operation_log` (`id`, `ticket_id`, `operator_id`, `action`, `from_status`, `to_status`, `detail`, `created_at`) VALUES (95,28,1,'STATUS_CHANGE','已完成','已评价','演示数据：用户完成满意度评价','2026-04-05 23:34:07'),(96,48,1,'STATUS_CHANGE','已完成','已评价','演示数据：用户完成满意度评价','2026-04-05 23:34:07'),(97,54,1,'STATUS_CHANGE','已完成','已评价','演示数据：用户完成满意度评价','2026-04-05 23:34:07'),(98,29,1,'STATUS_CHANGE','已完成','已关闭','演示数据：管理员归档关闭工单','2026-04-06 23:34:07'),(99,57,1,'STATUS_CHANGE','已完成','已关闭','演示数据：管理员归档关闭工单','2026-04-06 23:34:07'),(101,33,1,'DISPATCH','已解析','已派单','演示数据：系统自动派单','2026-04-07 03:47:59'),(102,34,1,'DISPATCH','已解析','已派单','演示数据：系统自动派单','2026-04-07 08:47:59'),(103,36,1,'DISPATCH','已解析','已派单','演示数据：系统自动派单','2026-04-06 17:47:59'),(104,37,1,'DISPATCH','已解析','已派单','演示数据：系统自动派单','2026-04-06 21:47:59'),(105,38,1,'DISPATCH','已解析','已派单','演示数据：系统自动派单','2026-03-31 23:53:03'),(106,39,1,'DISPATCH','已解析','已派单','演示数据：系统自动派单','2026-04-01 23:53:03'),(107,40,1,'DISPATCH','已解析','已派单','演示数据：系统自动派单','2026-04-02 23:53:03'),(108,41,1,'DISPATCH','已解析','已派单','演示数据：系统自动派单','2026-04-03 23:53:03'),(109,42,1,'DISPATCH','已解析','已派单','演示数据：系统自动派单','2026-04-07 07:53:03'),(110,61,1,'DISPATCH','已解析','已派单','演示数据：系统自动派单','2026-04-05 23:58:54'),(111,62,1,'DISPATCH','已解析','已派单','演示数据：系统自动派单','2026-04-05 23:58:54'),(112,63,1,'DISPATCH','已解析','已派单','演示数据：系统自动派单','2026-04-06 23:58:54'),(113,64,1,'DISPATCH','已解析','已派单','演示数据：系统自动派单','2026-04-06 23:58:54'),(114,65,1,'DISPATCH','已解析','已派单','演示数据：系统自动派单','2026-04-06 23:58:54'),(115,66,1,'DISPATCH','已解析','已派单','演示数据：系统自动派单','2026-04-06 23:58:54'),(116,67,1,'DISPATCH','已解析','已派单','演示数据：系统自动派单','2026-04-06 23:58:54');

-- notification_message
INSERT INTO `notification_message` (`id`, `receiver_id`, `ticket_id`, `title`, `content`, `is_read`, `created_at`) VALUES (50,106,33,'工单进度提醒','工单GD202604070006当前状态为已派单，请留意后续处理进展',0,'2026-04-07 20:34:07'),(51,107,34,'工单进度提醒','工单GD202604070007当前状态为处理中，请留意后续处理进展',0,'2026-04-07 20:34:07'),(52,110,42,'工单进度提醒','工单GD202604070015当前状态为已派单，请留意后续处理进展',0,'2026-04-07 20:34:07'),(53,111,61,'工单进度提醒','工单GD202604080116当前状态为已派单，请留意后续处理进展',0,'2026-04-07 20:34:07'),(54,107,64,'工单进度提醒','工单GD202604080119当前状态为处理中，请留意后续处理进展',0,'2026-04-07 20:34:07'),(55,4,68,'工单进度提醒','工单GD202604080123当前状态为已解析，请留意后续处理进展',0,'2026-04-07 20:34:07'),(56,108,71,'工单进度提醒','工单GD202604080126当前状态为待受理，请留意后续处理进展',0,'2026-04-07 20:34:07'),(57,2,64,'新的派单任务','请及时处理工单GD202604080119，地点：云南大学呈贡校区楠苑2栋一楼值班室',0,'2026-04-07 21:34:07'),(58,3,34,'新的派单任务','请及时处理工单GD202604070007，地点：云南大学呈贡校区力行楼B区三层实验室',0,'2026-04-07 21:34:07'),(59,104,42,'新的派单任务','请及时处理工单GD202604070015，地点：云南大学呈贡校区楸苑4栋一层消防通道',0,'2026-04-07 21:34:07'),(60,104,61,'新的派单任务','请及时处理工单GD202604080116，地点：云南大学呈贡校区体育馆东侧更衣室',0,'2026-04-07 21:34:07'),(61,104,67,'新的派单任务','请及时处理工单GD202604080122，地点：云南大学呈贡校区格物楼C区105实验室',0,'2026-04-07 21:34:07'),(62,105,62,'新的派单任务','请及时处理工单GD202604080117，地点：云南大学呈贡校区图书馆西区二楼讨论间',0,'2026-04-07 21:34:07'),(63,105,65,'新的派单任务','请及时处理工单GD202604080120，地点：云南大学呈贡校区文汇楼2栋阶梯教室',0,'2026-04-07 21:34:07'),(64,109,63,'新的派单任务','请及时处理工单GD202604080118，地点：云南大学呈贡校区软件学院A栋302机房',0,'2026-04-07 21:34:07'),(65,109,66,'新的派单任务','请及时处理工单GD202604080121，地点：云南大学呈贡校区泽湖环湖步道北段',0,'2026-04-07 21:34:07');

-- dispatch_weight_config
INSERT INTO `dispatch_weight_config` (`id`, `version_no`, `weight_skill`, `weight_area`, `weight_load`, `weight_perf`, `weight_urgency`, `trigger_source`, `is_active`, `created_at`) VALUES (1,1,0.3500,0.2000,0.2000,0.1000,0.1500,'SYSTEM_INIT',0,'2026-03-31 23:19:10'),(2,2,0.3200,0.2300,0.1600,0.1200,0.1700,'ADMIN_MANUAL_RECALCULATE',0,'2026-04-06 23:19:10'),(3,3,0.3300,0.2200,0.1700,0.1100,0.1700,'COMPLETION_FEEDBACK',0,'2026-04-04 23:28:54'),(4,4,0.3100,0.2400,0.1500,0.1200,0.1800,'COMPLETION_FEEDBACK',0,'2026-04-07 23:28:54'),(5,5,0.3922,0.2479,0.1909,0.1029,0.2267,'ADMIN_MANUAL_RECALCULATE',0,'2026-04-07 23:31:44'),(6,6,0.3922,0.2479,0.1909,0.1029,0.2267,'ADMIN_MANUAL_RECALCULATE',1,'2026-04-07 23:31:45');

-- dispatch_feedback_snapshot
INSERT INTO `dispatch_feedback_snapshot` (`id`, `window_start`, `window_end`, `dispatch_count`, `reassign_rate`, `reject_rate`, `timeout_rate`, `avg_complete_hours`, `applied_version`, `created_at`) VALUES (1,'2026-03-31 23:19:10','2026-04-06 23:19:10',6,0.1667,0.1667,0.3333,18.50,1,'2026-04-06 23:19:10'),(2,'2026-04-06 23:19:10','2026-04-07 23:19:10',3,0.0000,0.3333,0.3333,15.00,2,'2026-04-07 23:19:10'),(3,'2026-04-07 13:23:38','2026-04-07 23:23:38',6,0.1667,0.1667,0.1667,12.50,2,'2026-04-07 22:53:38'),(4,'2026-03-31 23:28:54','2026-04-04 23:28:54',18,0.1111,0.1111,0.2778,16.40,3,'2026-04-04 23:28:54'),(5,'2026-03-31 23:28:54','2026-04-07 23:28:54',27,0.1481,0.1852,0.2222,14.70,4,'2026-04-07 23:28:54'),(6,'2026-03-31 23:31:43','2026-04-07 23:31:43',35,0.1143,0.0571,0.9583,36.17,5,'2026-04-07 23:31:44'),(7,'2026-03-31 23:31:45','2026-04-07 23:31:45',35,0.1143,0.0571,0.9583,36.17,6,'2026-04-07 23:31:45');

UPDATE maintenance_worker mw SET current_load=(SELECT COUNT(*) FROM repair_ticket t WHERE t.current_worker_id=mw.id AND t.status IN ('已派单','处理中'));
SET FOREIGN_KEY_CHECKS = 1;
